car,model
الفا  روميو ,ألفا روميو 146
الفا  روميو ,ألفا روميو 147
الفا  روميو ,ألفا روميو 155
الفا  روميو ,ألفا روميو 156
الفا  روميو ,ألفا روميو 159
الفا  روميو ,ألفا روميو 164
الفا  روميو ,ألفا روميو 1900
الفا  روميو ,ألفا روميو 2000
الفا  روميو ,ألفا روميو 2600
الفا  روميو ,ألفا روميو 33
الفا  روميو ,ألفا روميو 33 سترادال
الفا  روميو ,ألفا روميو 4 سي
الفا  روميو ,ألفا روميو 6 سي
الفا  روميو ,ألفا روميو 75
الفا  روميو ,ألفا روميو 8 سي
الفا  روميو ,ألفا روميو 90
الفا  روميو ,ألفا روميو آرنا
الفا  روميو ,ألفا روميو ألفا 6
الفا  روميو ,ألفا روميو اس زد
الفا  روميو ,ألفا روميو الفاسود
الفا  روميو ,ألفا روميو بيريرا
الفا  روميو ,ألفا روميو جوليا
الفا  روميو ,ألفا روميو جوليا تي زد
الفا  روميو ,ألفا روميو جوليا سبرينت سبيسيال
الفا  روميو ,ألفا روميو جوليتا
الفا  روميو ,ألفا روميو جي تي
الفا  روميو ,ألفا روميو جي تي اي
الفا  روميو ,ألفا روميو ديسكو فولانت
الفا  روميو ,ألفا روميو روميو
الفا  روميو ,ألفا روميو سبرينت
الفا  روميو ,ألفا روميو سبيدر
الفا  روميو ,ألفا روميو ماتا
الفا  روميو ,ألفا روميو مونتريال
الفا  روميو ,ألفا روميو ميتو
اودى,آودي آر8
اودى,أودي
اودى,أودي 100
اودى,أودي 80
اودى,أودي أس6
اودى,أودي أي 3
اودى,أودي أي 5
اودى,أودي أي 6
اودى,أودي أي 7
اودى,أودي إف 103
اودى,أودي إي4
اودى,أودي إي8
اودى,أودي ار أس2 أفانت
اودى,أودي ار اس 4
اودى,أودي اس 4
اودى,أودي تي تي
اودى,أودي كواترو
اودى,أودي كوبية (بي2)
اودى,أودي كيو 5
اودى,أودي كيو 7
ايسوزو,ايسوزو آي مارك
ايسوزو,ايسوزو اسندر
ايسوزو,ايسوزو اكسيوم
ايسوزو,ايسوزو اميجو
ايسوزو,ايسوزو اوسيس
ايسوزو,ايسوزو تروبر
ايسوزو,ايسوزو دى ماكس
ايسوزو,ايسوزو روديو
ايسوزو,ايسوزو ستايلز
MG,ام جى C 350
MG,ام جى MG 3
MG,ام جى MG 3 Cross Over
MG,ام جى MG 5
MG,ام جى MG 750
MG,ام جى S350
اوبل,اوبل كورسا
اوبل,اوبل آسترا سيدان
اوبل,اوبل آسترا
اوبل,اوبل إنسيغنيا
اوبل,اوبل استرا GTC
اوبل,اوبل انسيغنيا OPC
اوبل,اوبل ميريفا
اوبل,اوبل فكترا
بروتون,بروتون بريف
بروتون,بروتون بيرسونا
بروتون,بروتون جين-2
بروتون,بروتون ساجا
بروتون,بروتون واجا
بروتون,بروتون وير
بى ام دابليو,بي أم دبليو أم 4
بى ام دابليو,بي أم دبليو الفئة أكس
بى ام دابليو,بي إم دبليو 507
بى ام دابليو,بي إم دبليو آي
بى ام دابليو,بي إم دبليو آي 3
بى ام دابليو,بي إم دبليو آي 8
بى ام دابليو,بي إم دبليو أكس3 أف25
بى ام دابليو,بي إم دبليو أم 1
بى ام دابليو,بي إم دبليو أم 3
بى ام دابليو,بي إم دبليو أم 6
بى ام دابليو,بي إم دبليو أم كوبيه
بى ام دابليو,بي إم دبليو إكس1
بى ام دابليو,بي إم دبليو إكس2
بى ام دابليو,بي إم دبليو إكس3
بى ام دابليو,بي إم دبليو إكس4
بى ام دابليو,بي إم دبليو إكس5
بى ام دابليو,بي إم دبليو إكس6
بى ام دابليو,بي إم دبليو إم 5
بى ام دابليو,بي إم دبليو إم رودستر
بى ام دابليو,بي إم دبليو إي9
بى ام دابليو,بي إم دبليو اكس 5 (اف 15)
بى ام دابليو,بي إم دبليو اكس 5 (اي 53)
بى ام دابليو,بي إم دبليو اكس 5 (اي 70)
بى ام دابليو,بي إم دبليو الفئة 5 (E28)
بى ام دابليو,بي إم دبليو الفئة الأولى
بى ام دابليو,بي إم دبليو الفئة الثالثة
بى ام دابليو,بي إم دبليو الفئة الخامسة
بى ام دابليو,بي إم دبليو الفئة الخامسة غران توريزمو
بى ام دابليو,بي إم دبليو الفئة السابعة
بى ام دابليو,بي إم دبليو النسخة 7 (إي32)
بى ام دابليو,بي إم دبليو زد 1
بى ام دابليو,بي إم دبليو زد 4
بى ام دابليو,بي إم دبليو زد 4 (أي 85)
بى ام دابليو,بي إم دبليو زد 4 (أي 89)
بى ام دابليو,بي إم دبليو زد 8 (أي 52)
بريليانس,بريليانس H330
بريليانس,بريليانس V3
بريليانس,بريليانس اف ار فى
بريليانس,بريليانس اف ار فى كروس
بريليانس,بريليانس اف اس فى
بريليانس,بريليانس جالينا
بريليانس,بريليانس سبلندور
بى واى دى,بى واى دى F0
بى واى دى,بى واى دى F3
بى واى دى,بى واى دى F3 R
بى واى دى,بى واى دى L3
بى واى دى,بى واى دى فلاير
بيجو,بيجو 10
بيجو,بيجو 1007
بيجو,بيجو 104
بيجو,بيجو 106
بيجو,بيجو 107
بيجو,بيجو 108
بيجو,بيجو 2008
بيجو,بيجو 201
بيجو,بيجو 202
بيجو,بيجو 203
بيجو,بيجو 204
بيجو,بيجو 205
بيجو,بيجو 206
بيجو,بيجو 207
بيجو,بيجو 208
بيجو,بيجو 3008
بيجو,بيجو 301
بيجو,بيجو 305
بيجو,بيجو 306
بيجو,بيجو 307
بيجو,بيجو 308
بيجو,بيجو 308 I
بيجو,بيجو 308 II
بيجو,بيجو 403
بيجو,بيجو 404
بيجو,بيجو 405
بيجو,بيجو 406
بيجو,بيجو 407
بيجو,بيجو 504
بيجو,بيجو 505
بيجو,بيجو 508
بيجو,بيجو 605
بيجو,بيجو 607
بيجو,بيجو 908
بيجو,بيجو بارتنر
تويوتا,تويوتا 2019 يارس هاتشباك
تويوتا,تويوتا 2019 يارس سيدان
تويوتا,تويوتا 2019 كورولا
تويوتا,تويوتا بريوس 2018
تويوتا,تويوتا 2019 كامري
تويوتا,تويوتا 2019 HEV كامري
تويوتا,تويوتا أفالون 2019
تويوتا,تويوتا 2019 تويوتا 86
تويوتا,تويوتا Rush 2019
تويوتا,تويوتا راف4 2018
تويوتا,تويوتا فورتشنر 2019
تويوتا,تويوتا 2019 كروزر FJ
تويوتا,تويوتا لاندكروزر برادو 2019
تويوتا,تويوتا 2019 لاندكروزر
تويوتا,تويوتا 2019 أفانزا
تويوتا,تويوتا إينوفا 2019
تويوتا,تويوتا 2018 بريفيا
تويوتا,تويوتا 2018 هاي إيس
تويوتا,تويوتا هايلكس 2019
تويوتا,تويوتا 2019 لاندكروزر بيك أب
تويوتا,تويوتا 2019 كوستر
دايو,دايو إسبيرو
دايو,دايو جولييت
دايو,دايو ريسر
دايو,دايو زاز
دايو,دايو سيالو
دايو,دايو لانوس
دايو,دايو لانوس 1
دايو,دايو لانوس 2
دايو,دايو ليجانزا
دايو,دايو ماتيز
دايهاتسو,دايهاتسو أبلوز
دايهاتسو,دايهاتسو تيريوس
دايهاتسو,دايهاتسو جران ماكس
دايهاتسو,دايهاتسو جراند تيريوس
دايهاتسو,دايهاتسو روكى
دايهاتسو,دايهاتسو سيريون
دايهاتسو,دايهاتسو شارمنت
دايهاتسو,دايهاتسو شاريد
دايهاتسو,دايهاتسو فيروزا
دايهاتسو,دايهاتسو كتنشيل
دودج,دارتس
دودج,دوج كرافان
دودج,دودج تشارجر
دودج,دودج جاورني
دودج,دودج رام
دودج,دودج رام فان
دودج,دودج شالنجر
دودج,دودج فايبر
جيلى,جيلى Ck
جيلى,جيلى Ck2
جيلى,جيلى MK
جيلى,جيلى اكس بانديدو
جيلى,جيلى امجراند 7
جيلى,جيلى انجلون
جيلى,جيلى بانديدو
جيلى,جيلى فروتة
جيب,جيب باتريوت
جيب,جيب جراند شيروكي (دبليو جي)
جيب,جيب جراند شيروكي (دبليو كي)
جيب,جيب جراند شيروكي (زد جي)
جيب,جيب دي جي
جيب,جيب رينيجيد
جيب,جيب سي جي
جيب,جيب شيروكي (أس جي)
جيب,جيب شيروكي (أكس أل)
جيب,جيب شيروكي (كي أل)
جيب,جيب غراند شيروكي
جيب,جيب غلاديتور
جيب,جيب فوروارد كونترول
جيب,جيب كوماندر (أكس كي)
جيب,جيب كومانش (إم جي)
جيب,جيب كومباس
جيب,جيب ليبرتي
جيب,جيب ليبرتي (كي جي)
جيب,جيب ليبرتي (كي كي)
جيب,جيب واجونير (سي جي)
رينو,رينو اوبتيما
رينو,رينو توينجو
رينو,رينو داستر
رينو,رينو داسيا
رينو,رينو راينبو
رينو,رينو سافران
رينو,رينو سانديرو
رينو,رينو سانديرو ستيب واى
رينو,رينو سكالا
رينو,رينو سيمبول
سايبا,سايبا برايد
سايبا,سايبا برايد سيدان
سايبا,سايبا تيبا
سكودا ,سكودا أوكتافيا
سكودا ,سكودا بيك اب
سكودا ,سكودا جي أل أس 120
سكودا ,سكودا رابيد
سكودا ,سكودا رومستر
سكودا ,سكودا سوبرب
سكودا ,سكودا فابيا
سكودا ,سكودا فافوريت
سكودا ,سكودا فورمان
سكودا ,سكودا فيليشيا
اسبرانزا,اسبرانزا A11
اسبرانزا,اسبرانزا A113
اسبرانزا,اسبرانزا A213
اسبرانزا,اسبرانزا A516
اسبرانزا,اسبرانزا A620
اسبرانزا,اسبرانزا M11
اسبرانزا,اسبرانزا M12
اسبرانزا,اسبرانزا إنفي
اسبرانزا,اسبرانزا تيجو
سانج يونج,سانج يونغ تيفولى
سانج يونج,سانج يونغ كوراندو
سانج يونج,سانج يونغ موسو
سوبارو,سوبارو امبريزا (wrx – sti)
سوبارو,سوبارو ليجاسي
سوبارو,سوبارو اوتباك
سوبارو,سوبارو فورستر
سوبارو,سوبارو جاستي
سوبارو,سوبارو اكسيجا
سوبارو,سوبارو تريبيكا
سوبارو,سوبارو Dex
سوبارو,سوبارو ليونا
سوبارو,سوبارو تندر
سوبارو,سوبارو BRZ
شيرى,شيرى A 11
شيرى,شيرى QQ
شيرى,شيرى انفى
شيرى,شيرى تيجو
شيرى,شيرى لونج
شيفروليه,شيفرولية تاهو
شيفروليه,شيفروليه
شيفروليه,شيفروليه 150
شيفروليه,شيفروليه آفيو
شيفروليه,شيفروليه أبلاندر
شيفروليه,شيفروليه إبيكا
شيفروليه,شيفروليه إكسبرس
شيفروليه,شيفروليه إمبالا
شيفروليه,شيفروليه ديلراي
شيفروليه,شيفروليه ديلوكس
شيفروليه,شيفروليه سايل
شيفروليه,شيفروليه سبارك
شيفروليه,شيفروليه سوبربان
شيفروليه,شيفروليه سي/كا
شيفروليه,شيفروليه فليت لاين
شيفروليه,شيفروليه فليت ماستر
شيفروليه,شيفروليه كابريس
شيفروليه,شيفروليه كروز
شيفروليه,شيفروليه كمارو
شيفروليه,شيفروليه كورفيت
شيفروليه,شيفروليه لومينا
شيفروليه,شيفروليه مونت كارلو
شيفروليه,شيفروليه مونتانا
ستروين,ستروين فيزا
ستروين,سيتروين أي إكس
ستروين,سيتروين إكسارا
ستروين,سيتروين برلنغو I
ستروين,سيتروين برلنغو II
ستروين,سيتروين تراكشن أفانت
ستروين,سيتروين جي إس
ستروين,سيتروين جي تي
ستروين,سيتروين دي إس
ستروين,سيتروين زيت إكس
ستروين,سيتروين ساكسو
ستروين,سيتروين سي 1
ستروين,سيتروين سي 2
ستروين,سيتروين سي 3
ستروين,سيتروين سي 3 إيركروس
ستروين,سيتروين سي 3 بيكاسو
ستروين,سيتروين سي 4
ستروين,سيتروين سي 4 دبليو آر سي
ستروين,سيتروين سي 5
ستروين,سيتروين سي 5 إيركروس
ستروين,سيتروين سي3 I
ستروين,سيتروين سي3 II
ستروين,سيتروين سي3 III
ستروين,سيتروين سي3 إيركروس (2017)
ستروين,سيتروين سي4 I
ستروين,سيتروين سي4 II
ستروين,سيتروين سي5 I
ستروين,سيتروين سي5 II
ستروين,سيتروين طراز ب12
فورد,فورد إسكيب
فورد,فورد إف 150
فورد,فورد إكسبلورر
فورد,فورد إكسبيديشن
فورد,فورد إي سيرس
فورد,فورد اس-ماكس
فورد,فورد اف – سلسلة الجيل التاسع
فورد,فورد اف – سلسلة الجيل الثالث
فورد,فورد اف – سلسلة الجيل الرابع
فورد,فورد اف – سلسلة الجيل السادس
فورد,فورد اف -سلسلة الجيل السابع
فورد,فورد اف سلسلة الجيل الثاني
فورد,فورد السلسلة إف
فورد,فورد الفئة أ أ
فورد,فورد برونكو
فورد,فورد بي ماكس
فورد,فورد ترانزيت
فورد,فورد توريس
فورد,فورد تورينو
فورد,فورد جالكسي
فورد,فورد جي تي
فورد,فورد جي تي 40
فورد,فورد زد اكس 2
فورد,فورد سكوربيو
فورد,فورد سي-ماكس
فورد,فورد غالاكسي
فورد,فورد غرانادا
فورد,فورد فالكون (ارجنتين)
فورد,فورد فري ستار
فورد,فورد فوكوس
فورد,فورد فيوجن
فورد,فورد فييستا
فورد,فورد كراون فكتوريا
فورد,فورد كوجا
فورد,فورد موديل 48
فورد,فورد موديل 91
فورد,فورد موديل ان
فورد,فورد موديل تي
فورد,فورد موستانغ
فورد,فورد مونديو
سيات,سيات 1200 سبورت
سيات,سيات 124
سيات,سيات 124 سبورت
سيات,سيات 127
سيات,سيات 128
سيات,سيات 131
سيات,سيات 132
سيات,سيات 133
سيات,سيات 1400
سيات,سيات 1430
سيات,سيات 1500
سيات,سيات 600
سيات,سيات 800
سيات,سيات 850
سيات,سيات أتيكا
سيات,سيات أروسا
سيات,سيات ألتيا
سيات,سيات ألتيا بروتوتيبو
سيات,سيات إب
سيات,سيات إكسيو
سيات,سيات إنكا
سيات,سيات إيبيزا
سيات,سيات الهمبرا
سيات,سيات بروتو
سيات,سيات تانجو
سيات,سيات توليدو
سيات,سيات توليدو I
سيات,سيات توليدو II
سيات,سيات توليدو III
سيات,سيات توليدو IV
سيات,سيات روندا
سيات,سيات فورا
سيات,سيات فورمولا
سيات,سيات كوبرا جي تي
سيات,سيات كوردوبا
سيات,سيات ليون
سيات,سيات ماربيا
سيات,سيات مي
سوزوكى,سوزوكى أس أكس 4
سوزوكى,سوزوكى أكس أل 7
سوزوكى,سوزوكى ألتو
سوزوكى,سوزوكى ارتيجا
سوزوكى,سوزوكى ايه بي في
سوزوكى,سوزوكى بالينو
سوزوكى,سوزوكى جراند فيتارا
سوزوكى,سوزوكى جيمني
سوزوكى,سوزوكى سوبر كارى
سوزوكى,سوزوكى سويفت
كرايسلر,كرايسلر 200/ سي200 إيه في
كرايسلر,كرايسلر اِم 300
كرايسلر,كرايسلر ام300/ سي300
كرايسلر,كرايسلر باسيفيكا
كرايسلر,كرايسلر براولر
كرايسلر,كرايسلر بى تى كروزر
كرايسلر,كرايسلر تاون اند كانترى
كرايسلر,كرايسلر سيبرينج
كرايسلر,كرايسلر فوياجر/كارافان
كرايسلر,كرايسلر كروس فاير
فيات,فيات دوبلو
فيات,فيات Stilo
فيات,فيات Ulysse (الجيل الثاني)
فيات,فيات ايديا
فيات,فيات باندا (الجيل الثاني)
فيات,فيات Punto (mark 2 revision B)
فيات,فيات باندا 4×4 (الجيل الثاني)
فيات,فيات باندا Alessi
فيات,فيات باندا كروس
فيات,فيات كروما
فيات,فيات Sedici
فيات,فيات Grande Punto
فيات,فيات باندا 100اتش.بي
فيات,فيات Linea
فيات,فيات برافو (الجيل الثاني)
فيات,فيات Nuova 500
فيات,فيات فيورينو (الجيل الرابع)
فيات,فيات فيورينو Qubo (people carrier)
كيا,كيا اوبتيما
كيا,كيا اوبيروس
كيا,كيا برايد
كيا,كيا بيكانتو
كيا,كيا ريو
كيا,كيا سايبا
كيا,كيا سبورتاج
كيا,كيا سبيكترا
كيا,كيا سورينتو
كيا,كيا سول
لادا,ﻻدا 2010
لادا,ﻻدا 2015
لادا,ﻻدا 2017
لادا,ﻻدا 2104
لادا,ﻻدا 2170
لادا,ﻻدا أليكو
لادا,ﻻدا أوكا
لادا,ﻻدا جرانتا
لادا,ﻻدا سمارا
لادا,ﻻدا كالينا
فولكس فاجن ,فولكس فاجن EOS
فولكس فاجن ,فولكس فاجن فوكس
فولكس فاجن ,فولكس فاجن جولف
فولكس فاجن ,فولكس فاجن سيجتار
فولكس فاجن ,فولكس فاجن ماجوتان
فولكس فاجن ,فولكس فاجن أب
فولكس فاجن ,فولكس فاجن جيتا
فولكس فاجن ,فولكس فاجن باسات
فولكس فاجن ,فولكس فاجن باساتCC
فولكس فاجن ,فولكس فاجن سانتانا
فولكس فاجن ,فولكس فاجن فايتون
فولكس فاجن ,فولكس فاجن شاران
فولكس فاجن ,فولكس فاجن طوارق
فولكس فاجن ,فولكس فاجن تيغوان
فولكس فاجن ,فولكس فاجن نيو بيتلز
فولكس فاجن ,فولكس فاجن بورا
فولكس فاجن ,فولكس فاجن جى تى آى
فولكس فاجن ,فولكس فاجن إكس رابيت
فولكس فاجن ,فولكس فاجن جى إل آى
فولكس فاجن ,فولكس فاجن ار32
فولكس فاجن ,فولكس فاجن كروس فوكس
فولكس فاجن ,فولكس فاجن فينتو
فولكس فاجن ,فولكس فاجن بولو
فولكس فاجن ,فولكس فاجن باراتى
فولكس فاجن ,فولكس فاجن بوينتر
فولكس فاجن ,فولكس فاجن توران
فولكس فاجن ,فولكس فاجن كادي
فولكس فاجن ,الخنفساء الجديدة
فولكس فاجن ,فولكس فاجن شيروكو
فولفو,فولفو 144
فولفو,فولفو 240
فولفو,فولفو 244
فولفو,فولفو 740
فولفو,فولفو 760
فولفو,فولفو 850
فولفو,فولفو 940
فولفو,فولفو c30
فولفو,فولفو s40
فولفو,فولفو s60
لاند روفر,ﻻند روفر إل ار4
لاند روفر,ﻻند روفر اتش اس إي في8
لاند روفر,ﻻند روفر اِل ار 2
لاند روفر,ﻻند روفر اِل ار 3
لاند روفر,ﻻند روفر ايفوك
لاند روفر,ﻻند روفر ديسكفري
لاند روفر,ﻻند روفر ديفندر
لاند روفر,ﻻند روفر رنج روفر
لاند روفر,ﻻند روفر رنج روفر سبورت
لاند روفر,ﻻند روفر فري لاندر
مازد,مازدا 3
مازد,مازدا 323 تيربو ديزل
مازد,مازدا 929
مازد,مازدا أر 100
مازد,مازدا أر 130
مازد,مازدا أر 360
مازد,مازدا أر إكس- 3
مازد,مازدا أر إكس-5
مازد,مازدا أر إكس-7
مازد,مازدا أر إكس-8
مازد,مازدا بروتيج
مازد,مازدا بروسيد ليفانتي
مازد,مازدا بروسيد مارف
مازد,مازدا بريماسي
مازد,مازدا بونغو
مازد,مازدا بي تي-50
مازد,مازدا تايكي
مازد,مازدا تشانتيز
مازد,مازدا تيتان
مازد,مازدا روادباسير أي بي
مازد,مازدا رودستر
مازد,مازدا ريفو
مازد,مازدا ريوجا
مازد,مازدا سبيانو
مازد,مازدا سي إكس-3
مازد,مازدا سينتيا
مازد,مازدا فوراي
مازد,مازدا فيريسا
مازد,مازدا كابيلا
مازد,مازدا كسيدوس 6
مازد,مازدا كيورا
مازد,مازدا ناغاري
مازد,مازدا هازومي
مازد,مازدا هاكازي كونسيبت
مرسيدس,مرسيدس بنز الفئة إيه
مرسيدس,مرسيدس بنز الفئة بي
مرسيدس,مرسيدس بنز الفئة سي
مرسيدس,مرسيدس بنز الفئة سي أل
مرسيدس,مرسيدس بنز الفئة دي
مرسيدس,مرسيدس بنز الفئة سي جي إي
مرسيدس,مرسيدس بنز الفئة سي أل كيه
مرسيدس,مرسيدس بنز الفئة سي أل كيه جي تي أر
مرسيدس,مرسيدس بنز الفئة سي أل سي
مرسيدس,مرسيدس بنز الفئة سي أل أس
مرسيدس,مرسيدس بنز الفئة دي
مرسيدس,مرسيدس بنز الفئة إي
مرسيدس,مرسيدس بنز الفئة إف
مرسيدس,مرسيدس بنز الفئة جي
مرسيدس,مرسيدس بنز الفئة جي تي
مرسيدس,مرسيدس بنز الفئة جي أل
مرسيدس,مرسيدس بنز الفئة جي أل كيه
مرسيدس,مرسيدس بنز الفئة أم
مرسيدس,مرسيدس بنز الفئة أر
مرسيدس,مرسيدس بنز الفئة أس
مرسيدس,مرسيدس بنز الفئة أس أل
مرسيدس,مرسيدس بنز الفئة أس أل كيه
مرسيدس,مرسيدس بنز لفئة أس أل أس
مرسيدس,مرسيدس بنز الفئة أس أل أر السهم الفضي
مرسيدس,مرسيدس بنز الفئة جي أل إي
مرسيدس,مرسيدس بنز أس أل أر ماكلارين
مرسيدس,مرسيدس بنز أس أل أس أيه أم جي
مرسيدس,مرسيدس بنز أف200
مينى كوبر,ميني كوبر جون كوبر وركس
مينى كوبر,ميني كوبر كابريو
مينى كوبر,ميني كوبر كانترى مان
مينى كوبر,ميني كوبر كلبمان
مينى كوبر,ميني كوبر كوبر
مينى كوبر,ميني كوبر كوبر إس
ميتسوبيشى,يتسوبيشى 3000 جي تي
ميتسوبيشى,ميتسوبيشى آوتلاندر
ميتسوبيشى,ميتسوبيشى إيه أس إكس
ميتسوبيشى,ميتسوبيشى اتراج
ميتسوبيشى,ميتسوبيشى اكلبس
ميتسوبيشى,ميتسوبيشى ايفولوشن
ميتسوبيشى,ميتسوبيشى باجيرو
ميتسوبيشى,ميتسوبيشى بيك أب
ميتسوبيشى,ميتسوبيشى جالنت
ميتسوبيشى,ميتسوبيشى جرانديز
نيسان ,نيسان أرمادا
نيسان ,نيسان ألتيما
نيسان ,نيسان إكستيرا
نيسان ,نيسان باترول
نيسان ,نيسان تيدا
نيسان ,نيسان سدرك
نيسان ,نيسان زد
نيسان ,نيسان صني
نيسان ,نيسان ماكسيما
نيسان ,نسان ار 382
نيسان ,نيسان 180 إس إكس
نيسان ,نيسان 240 اس اكس
نيسان ,نيسان 300 زد إكس
نيسان ,نيسان 300 سي
نيسان ,نيسان 350 زد
نيسان ,نيسان 370 زد
نيسان ,نيسان أفينير
نيسان ,نيسان أورفان
نيسان ,نيسان أي أكس أيه
نيسان ,نيسان أي دي
نيسان ,نيسان ار 380
نيسان ,نيسان ار 390 جي تي 1
نيسان ,نيسان ار 391
نيسان ,نيسان ار 88 سي
نيسان ,نيسان ار 89 سي
نيسان ,نيسان اس 130
نيسان ,نيسان اس كارجو
نيسان ,نيسان اكس-تريل
نيسان ,نيسان الجراند
نيسان ,نيسان الميرا
نيسان ,نيسان ان اكس
نيسان ,نيسان ان في
نيسان ,نيسان ان في 200
نيسان ,نيسان باث فايندر
نيسان ,نيسان برايري
نيسان ,نيسان برزدنت
نيسان ,نيسان برنسيس رويال
نيسان ,نيسان بريساج
نيسان ,نيسان بريسي
نيسان ,نيسان بريماستار
نيسان ,نيسان بريميرا
نيسان ,نيسان بسارة
نيسان ,نيسان بلاتينا
نيسان ,نيسان بلوبيرد
نيسان ,نيسان بلوبيرد سيلفي
نيسان ,نيسان بولسار
نيسان ,نيسان بي 35
نيسان ,نيسان بي أي-1
نيسان ,نيسان بيفل
نيسان ,نيسان بينتارا
نيسان ,نيسان بينو
نيسان ,نيسان تيتان
نيسان ,نيسان تيرانو II
نيسان ,نيسان تينا
نيسان ,نيسان جوك
نيسان ,نيسان جي تي – ار
نيسان ,نيسان ديزل ار ان
نيسان ,نيسان ديزل يو اي
نيسان ,نيسان راشن
نيسان ,نيسان روجيو
نيسان ,نيسان سكاي لاين
نيسان ,نيسان سنترا
نيسان ,نيسان سيرينا
نيسان ,نيسان سيفيليان
نيسان ,نيسان سيلفيا
نيسان ,نيسان سيما
نيسان ,نيسان فانيت
نيسان ,نيسان فوجا
نيسان ,نيسان فيجارو
نيسان ,نيسان كارفان
نيسان ,نيسان كاشكاي
نيسان ,نيسان كويست
نيسان ,نيسان كيوب
نيسان ,نيسان لاتيو
نيسان ,نيسان لوريل
نيسان ,نيسان ليف
نيسان ,نيسان ليفينا جينيسس
نيسان ,نيسان مورانو
نيسان ,نيسان ميكرا
نيسان ,نيسان ميكسيم
نيسان ,نيسان نافارا
نيسان ,نيسان نوت
نيسان ,نيسان يوت
هوندا,هوندا أكورد
هوندا,هوندا 1300
هوندا,هوندا إس 2000
هوندا,هوندا إس 500
هوندا,هوندا إس 600
هوندا,هوندا إس 800
هوندا,هوندا إف آر في
هوندا,هوندا إل 700
هوندا,هوندا إن 360
هوندا,هوندا اليوم
هوندا,هوندا انتيغرا
هوندا,هوندا باسبورت
هوندا,هوندا بالاد
هوندا,هوندا تي 360
هوندا,هوندا تي إن 360
هوندا,هوندا زاد
هوندا,هوندا سيتي
هوندا,هوندا سيفيك
هوندا,هوندا فاموس
هوندا,هوندا فريد
هوندا,هوندا فيجور
هوندا,هوندا كوينت
هوندا,هوندا لايف
هامر,هامر إتش 1
هامر,هامر إتش 2
هامر,هامر إتش 3
هامر,هامر إتش إكس
هيونداى,هيونداي i10
هيونداى,هيونداي أكسنت
هيونداى,هيونداي أيرو سيتي
هيونداى,هيونداي إكسيل
هيونداى,هيونداي إلنترا
هيونداى,هيونداي بوني
هيونداى,هيونداي تراجيت
هيونداى,هيونداي توسان
هيونداى,هيونداي تيراكان
هيونداى,هيونداي جيتز
هيونداى,هيونداي جينسس كوبيه
هيونداى,هيونداي جينيسيس
هيونداى,هيونداي سانتافي
هيونداى,هيونداي ستاريكس
هيونداى,هيونداي سوناتا
هيونداى,هيونداي غراندور
هيونداى,هيونداي فيراكروز
هيونداى,هيونداي فيلوستر
هيونداى,هيونداي كوبيه
هيونداى,هيونداي ماتركس
